family,sample_name
7ev3n,003a903cbab3e91ef22602624645342e81b30ec6263f1e62165abd479c48942e
7ev3n,00b4e13fd8eaae74e4244919a2301ee56599a6f3b4863a7f6a2a40564c65409d
7ev3n,017e81d374339f5dde973a169f31a1a52657b734c1af1ff54487b38865dae564
7ev3n,60c40e0dc89b80fde7a47c6ad002cf4b8ff7bdc07c744cb125c2afdceb79f8a9
Conti,004ede55a972e10d9a21bcf338b4907d6eed65bf5ad6abbbd5aec7d8484bdedf
Conti,03597628e999d791f4cc442328024235db9a929467a62ef0a00c91a76161f0e1
Conti,03b9c7a3b73f15dfc2dcb0b74f3e971fdda7d1d1e2010c6d1861043f90a2fecd
Conti,040fcbd360c7498756519cb0e687120bd623da80784034ea89178409491b1c44
Conti,0460cfa76fb0a02be92b0bc99a09168ebe38dbc8eeb1aa966dca66f0e849b53d
Conti,04bf10cd8186fa18bdec9948ae88099dd86ef444af46b20b444b351929a8f71b
Conti,0aaacd11d8b956d317489d060e72946d28ab6aef9be1b541aff9904a750f4b51
Conti,0b0b902af452e1c949a609a3b29a9de21dac639846c77427de06e6e63c1fe904
Conti,0fd062f86151b9d49d65b8f12c52737600bff8bb3462aba7bf23d820bf4d5518
Conti,1125cdabe2e146734ffc13137f23901377509408c4531ea17fcb99d6666815f0
Conti,198667b1eda010a431dfb051a101cc73ead1d45ba8d0f6641ec1c14bca4106f3
Conti,1c4da8bf2089e82a1665f7ac350eeea291dae7509d58dbfc2037ddc1997bfd13
Conti,1ee0bbfe78f6da5eea5e4aad6992cfcfe3aa824584c04aa3fba5a0d9c605b997
Conti,1fa52ca9e2fbb3b80e63b6cbfc776bf1c14d434afe50167a4b11ffdbe1987b79
Conti,259eba04b9141fd6af0763f9c3f4dd0f114bff3d4bc52573962ba7ef923369c2
Conti,2d61e25b007c15e20c3269cccfc4f3986493ac2f5fa7ee627c7a9059109f664e
Conti,3995502a85cc12c6962740989c4fb800d514bdf2ec667fdb7e4c8206adca0235
Conti,3ab3c4ffcf366dcbe660506295dcef82d058cb25b1c0b362cc62371a19a0d5f8
Conti,4d8e709832dc3b6cc9283dc2c79eac0d9a4092b1a3b180d7cc7ec6902b7a128c
Conti,58e3640032796983185ef3ce07d0fbce620514a73909d8573f72264a57ac8379
Conti,5c278c04bb19196dc8559d45b9728b3ba0c1bc5cdd20a766f56248e561c6f5a6
Conti,5cf0a6ac9786638a063eea9ab68508f31e537072bbcea27371f9121d2668a251
Conti,5f3ae6e0d2e118ed31e7c38b652f4e59f5d5745398596c8b31248eda059778af
Emotet,0041d82cc2a5bb2f447f9c40989292675232cb8404bbfa751c9b961e2f6149c7
Emotet,16d49fe1650534337de859aeadf586d111a694d23f97603469c9af3c3b091334
SugarRansomware,0125d8e744bb40ee8bf74beb9c43eb4ffc4e5217cf80a1843f8d19dfb888ad68
SugarRansomware,089cc9981931e492dfea30fdbdb9381db2f3467208192179983c7520d53b690b
SugarRansomware,0a38130da830fc1b164e963894fb869b5aa8b225fb4ffab730c7e08dabe5bb10
SugarRansomware,0bdb3a563c28d818d5b6cc3057d60878283ac28bffff9954449b2384b68e60b6
SugarRansomware,17ff726d5a5a2e37b987bf6ca770c4a1eea07f673c944f98c7bb0f1ce1a568cf
SugarRansomware,18460fc0ce1eb78283bfd4d1db75c06047c77e68c8c5c0f4018fc4d874dd8c95
SugarRansomware,21556bd1152e3c5ab1884159a1520c5c6bf27f6d1395345d5537c56e18584d6d
SugarRansomware,4a97bc8111631795cb730dfe7836d0afac3131ed8a91db81dde5062bb8021058
SugarRansomware,51bcd76a4103a5960cc8108ca014a37f5761a60894c7244c2e5dcf87eacafa23
SugarRansomware,5e3dd0fc6c12e4a1e993a1de85f065cd02dffbede2bc1750ef91ab3f1ad76291
SugarRansomware,789586f03ae874eeef8ba35f0b68462ba637c95e2f0224abb68720d04ca144c0
cozy,00733009f47e61aac55e90d4cf56d82a960dc01693117eeaf95e2466c4b5aad4
cozy,008241f0d5ea6aa7ee146830358b0022f309d1b359837b867b3b4e8679854520
cozy,00c633d56c7c0a5c4d604e5bcc6c9aceb4b8bd05e9a4a605adcd3edff8f1b3d3
cozy,01468b1d3e089985a4ed255b6594d24863cfd94a647329c631e4f4e52759f8a9
cozy,02d054a5fb04bba335e00eb3dd158e128e58956ba2599fa6a142eaca3af73149
cozy,02ff06a08c555f9cf43463d628ee5f35f05f70ef82ff1e3088bcdff8376c0deb
cozy,03aa907437d657fcedb16acdda75a6663bc643bec5caf2f98ac117de6c2a7d2a
cozy,03ae37944cdefc4d788b051eb12c29d4415c88d5d1bce8e29845528499490f37
cozy,03deb4b1ba513bf942bb48501de89f4b28da79ce0d364f06be88a11375ba2805
cozy,04135d5515a369b6a6efebfa746ea9288032d684cc334a698ec790ec2c42b0dd
cozy,047b27ceb767f2f88e7b41944227d1657cac29372b43032a9c83d6785f387108
cozy,04dc3e22ca7123260a6389f36e538f23c7558fc9cb9004328b76aab24abc29dc
cozy,07b2f21892ee24a66bd27c20c6ee441ccfe3301d67fbf139391ad66b45d0c617
cozy,0a9f1e8df8eedeefad7265cf572ffd0ed79de7f702ff187b884f5719b47675b6
cozy,0acb884f2f4cfa75b726cb8290b20328c8ddbcd49f95a1d761b7d131b95bafec
cozy,0bc87aa44a42453c482dbff078dacfd4049c7da41899979401a110f3b7b58427
cozy,0c4a0601b113e7ce7a8f981b4ef7b66c31a71ec338f04e80b4ad82e663765d72
cozy,0ce3bfa972ced61884ae7c1d77c7d4c45e17c7d767e669610cf2ef72b636b464
cozy,0f04f199327d0d076815190dc024f4a6b0f27899d50d28e94662820ab9c945d2
cozy,10ff15ca3b3e4f101a0d4f469d042e86a8f65ccbb31197d90332e173644e85db
cozy,1323e3d7656a427733663f03b3037326ffa9c57c68fa8e014a5bf7cb1455359a
cozy,13df1622ab0be7e26c29a9a5d1ab6642b3735a984a86c1ead1a65567f9560436
cozy,147991cd55a00ebb2ffe8053e49f40d13d334c54d073b083578bbbedcd6b2389
cozy,14db5c090b508444414b2b62035311556393122818121b4ada36a4fc8f4f52d2
cozy,16080b7ecf266cb3055c09a896cfe8290a3980e03fb511263d741749102345c7
cozy,1817945605c28bde981c76be9cf7cec7d68bf866a74495eed7f5abe309368da0
cozy,1817a5bf9c01035bcf8a975c9f1d94b0ce7f6a200339485d8f93859f8f6d730c
cozy,1a7239c006a3adf893bdb5c2300b2964ed8bb454e1b622853e4460707dc63c16
cozy,1ace8a427da6160bacca376b27e84e3a674687cf21b2b3693486becb32053a20
cozy,1bd663f7b3b488064df69a34a8db5829f909a4e9908e74276c0a31c014549578
cozy,1dd615db03ef3858ca54d9eb6d6ff26214cc35221f5137d16ce4bc19b79f04b2
cozy,1fed2e1b077af08e73fb5ecffd2e5169d5289a825dcaf2d8742bb8030e487641
cozy,2028c7deaf1c2a46f3ebbf7bbdf76781d84f9321107d65d9b9dd958e3c88ef5a
cozy,21cf6648b134acf5facc62c060e98b13c0542d214c4642cf0919184577b6c841
cozy,22548a5ec43bcad6acc75b0aaf1814cac15660397b381a1ab84db0c2307d6fa7
cozy,2285a264ffab59ab5a1eb4e2b9bcab9baf26750b6c551ee3094af56a4442ac41
cozy,23a09b74498aea166470ea2b569d42fd661c440f3f3014636879bd012600ed68
cozy,26320dd934902ec6ca51ec39f1d461d80e2c04f5f978f23a37480dfc975c88aa
cozy,2af4ab905dd5ae570f2d0327cdf1dbe8447da59de6b1d1fb327e2d09af393dd1
cozy,2b15581baf7d69cd3c65a86f20eff813b4cbb9bae7a0362f97e76e21364dabca
cozy,2e337bc7000b135369f90337af46e3b9a9006a210baf9ec5b94fbb4bc31f5691
cozy,2f11ca3dcc1d9400e141d8f3ee9a7a0d18e21908e825990f5c22119214fbb2f5
cozy,30c69d91247f8a72a69e4d7c4bce3eafba40975e5890c23dc4dbe7c9a11afa73
cozy,316ddb96bbc54fb4d7eb3557710a62a3302e1f28219648ccb3346d0867038245
cozy,346e62b6bd2ffcc3ccae95ea6ffd4ebe9b3ad9375b5c3a27210ca3e87f0b1e27
cozy,34a05aa3bcd7fa02b7fc6b4ce7cb4191be994bad5fddddf7e166a62b6be96b08
cozy,377fb7a196d70a848243b93acb829ae1abb94590e80d9f2262cc6163b5bb8bce
cozy,37a5a6df917023848965b26394710e799869e3b1f4192ccd6da5050d616fec1c
cozy,3b94cc71c325f9068105b9e7d5c9667b1de2bde85b7abc5b29ff649fd54715c4
cozy,3ccb7d25530cc3b3faf1fe8210d85c37e09685a42aa223a9fc038155d798e81f
cozy,3deeb92172f89847be247914abfda31c2df8fdf776fb59583812ce3e1142fe3a
cozy,433bb3a6e931adb20c3c17a6d727c698c4cd2494c5af9af25d7df25480654827
cozy,44084bb736912b61ccfe36322e1aba2661ccc0091380feac7716c19fc729b92f
cozy,47cdb87c27c4e30ea3e2de620bed380d5aed591bc50c49b55fd43e106f294854
cozy,4844c9de2986c968b6ffa05070121d8acff7f2d6fc5ccf09b681cc14df6826e9
cozy,48497f6f6fe2b8a3f90e18072a3cf0b5afda021789ee2f777355cdbd5769cfb1
cozy,489a51e1f6fba4593972ecd12ed53f40058b1c188eaf44a543fbd8ad02811691
cozy,49bc860fb8856436e1d540754732843f1a534901ecdd031870702bacab58ae54
cozy,4c28eed5d92745c416cd03d8cc97a9f9c4a81a1ee0e992c03c30e9539e1e230b
cozy,4d5d056e501bc3fca73a156b23e05612bd2fc7f09b44745766b98b6ca2599bfb
cozy,4d8b88bb3f0404594049c65a8f01cf5a8386588b8c77351554835093e6551c5f
cozy,4dec3eeefcec013f142386d5c54099d3daa2b48d559434db1d4f2078d704da1b
cozy,4e31304e1ea66c267b5882f9335a2384eea18a6617a49308846ce624b68e7489
cozy,4f384657d22d8023f3182d36717ea7ae079175f855fcc0f13966d16d9abe4d64
cozy,5359d8ba004e6ca412752f71161f83ebdaee202400a3850914b97e0c6f633885
cozy,55058d3427ce932d8efcbe54dccf97c9a8d1e85c767814e34f4b2b6a6b305641
cozy,5afc84afaa27fad6e67831d9128de22064c4f15b2b0acf31758f29cb2f345b58
cozy,5b50e26a01b320f05d66727e9d220d5858cdac203ff62e4b9ced1cafc2683637
cozy,5b8467a9a89d83d721d28fb45fbe0ce53a9ee284b7aad93bff178ed6ea26247a
cozy,5cf20f9b49efc181fdc5fe59c82a1a3e97cd54e8f01b2961e813e8e1602b6be0
cozy,5d06577ff31f72453ca92ae2a71bff8be4fff6b764884cfe816ae7a4cddaae0f
cozy,5e4c061b59f2dbbe3eca179c7a810f763afb7c3c6a99341c058e92cc9cdc95aa
cozy,5f5cf4a2691464a0e7ac81af762a8711cdb39252369f3d10a75c234d87326b38
cozy,628ab4f2943fd723dc3b97555ab4f36c9e0220544939722db5d603aaa81b532f
cozy,6a0fa0eeae68b727c6a2e5128e0d233135822eea6726db875ce92756402a0fca
cozy,6e4050c6a2d2e5e49606d96dd2922da480f2e0c70082cc7e54449a7dc0d20f8d
cozy,6eeffe540693418a107db3e7d2d9b72a54b2354aa6886b571272aa41f8cc8e0c
cozy,6ef5f3e446e84314e779cb74d0d9d486546b3d5a91c292de7a873e7c2f74f835
cozy,6f46c1febcb758de6dc07d6909d2076f296035ee4c2878324dc507549266ba1e
cozy,711af4202e064cac7ba005d26c049aefb11e42f85c6f5f0ae08503f9313daed3
cozy,71cad7cc4e23d1e03c5d03cd9b48e32126b6bf7374841735ad642b62e2745a2c
cozy,723003bc2e44a7b373d14d4d00fd7f09ce459aa4426251fc1367c1089fc7b029
cozy,73d79defe6f18bca19e14b838c0f847a946089bf529b990ac96156cdd9ef7d40
cozy,75efb48c2830990b11dc6fb4326fce079e771ffec4114f2f71840555b0a47db3
cozy,75f9cb83080cf4b72c20bd010b0e98b4823cfa8e9a4312d9f1fd1a8743c3ae52
cozy,76fb2d495b3151c163f321838825800e95a839cc3f52c269e5576cf9af8d9d25
cozy,78099dfe8652c48a5cd3418809573424601536bb9ffd4f6aa13b6be1863ae181
cozy,7b9e542426408aa384d0394820f82f330e615a1ad17a777d04720458b33b08a3
orcus,0024d27614933d13f0ba3c380e28558d9470861bcced22ff2be822ec098a8646
orcus,02b451de4696ff472a87e6c2e85d18110c8c6a1dbe74e138ca41c465b4131e23
orcus,03048369e3853dacc6871b81fd2769f36be1ca282c11cca2ffae5ecb0e41d4f1
orcus,035d8f4fe7e27f4294d0e0ac15a8d451942b6cb02395c7dcb250f8cf0d292bcf
orcus,03998ee62fa733a11a1986fa169a7ecb9a29f7b2a15bb411dd94f394ee6e4f73
orcus,0620c4e2d109458b9938c2f12afce6cfc269f209ab484c4fbb85fdee3d9e17fe
orcus,072c0d91dc547764ab7f5fb1181606612613b7d80dafbc8dd47150513aaa237f
orcus,078531cf6e84c9f8f55e75f53c78fcd31f55078216f743c6421adfa98cf06479
orcus,087836e753b3e29a798f52476c36ee99e3a53f691226cd81fc45a86e80d8f8e2
orcus,0adec19187eacffb24b1c811810d8bfa87cc20a3031f8587c86809d8405a5950
orcus,10dd16fe432b6f7aef6d917017264918eb92dc2d6ee71e6a73a8af203b0a83d8
orcus,15a5a2b65c8acfeef7a9470b28f7104fecb323fd3418a7f88e5ca012a351d85e
orcus,196268250b88ea6a1f42d45b968257c6bf8351a837427e81e657bfb8384bdab3
orcus,1b789b375fdfe6da9c74013ae8aebc3dab2bcd7f014ed14437e7c9aa78f86946
orcus,1dc9cf00d615a7d231ada341190be36224bd7811a3e00ab9cada7efc6c206969
orcus,23fe906b05347864772c761aed1dc425d451a9905e226b13bc885802ea82886d
orcus,28361a778928826650850df8ead254d1439d42441827c1f8e8d342a6efee42fe
orcus,2a2b063e06e878dc2e9f63c3546370b540b9bf58c8e9946673200ffa30800aa0
orcus,2bfa3f42d4762d48e986a25161a1187772edc4f712966b3a19a4652463496959
orcus,2d27fc913ce3d325476ebc1511cbe687b62568d6e4bc058eb8604857c928f12d
orcus,305bcc6026bbc23ee399556d04bd9e688ab2bd46b21ca0ac23d1c0934c09a6bb
orcus,321325d931ef803d5a871ed35a6bd4fdc894afaf73fe1519db38716b04be6195
orcus,3f90b54a17b15a2629adec66cfd5f3ff6fa2e654e32413782dfb1521beb52c2e
orcus,4174d5998ca903811426307666a9ec3c99057fe2a70611d3a6d51f239ff3f91f
orcus,41b6b408d21d0c64ed0a44465f01fce5a92a5b51f04c88f7196f3529d4f1792f
orcus,4292cbefd9a7289f7438114dc98a115c106fe0108781ed4918c37a55f2fb5e5f
orcus,44988bcba49ee709b6bfdf7d6a8f38457cf629ad16d0d97de3c26d3507db9af3
orcus,46c060d467675f9cc7daab832a2165ea626d1ea7abfbbf568da70c87a1ac7755
orcus,50f635c018b46224f395a691baadf9c18e1dd31af0927fe5aa95c4dbdb149f4d
orcus,53a7e0dd7d46ae1b83a7d6bfb209544adeb04bd022e178534528791dc741da89
orcus,5576b2ff7ffca9ebce21bacaaa3121bb7a9afcc1350b7cdb95a950b3c8e5035d
orcus,5b5205adaf14de9550c855f3c260851ba649c8d095b7ad763efe71818203653c
orcus,5ca353453bdcfbe897b5bd1660698528f514da3875e87944f16f3aaf3446f7b0
orcus,644ee3318813aa46b1a0b7d16bddcfeab54351eb2f855fa147dbdc2f6bc26660
orcus,67171f3b6d4a281aa11b34320296186ec2f37f2a07e1bded06763a8893b855eb
orcus,6d8220803d0125baa8f6a8c513f2a467492c4cef6bac87441bdd09c4841e5e74
orcus,70cf05eb46de59b793ba6c11c330cd5b04916e57dac2211f8f163115b257ee7a
orcus,70d1d1d561f8a9d06c485366b789f6b6e6ba3febf90cdf4ca900ef96aa93df60
orcus,72f29a2af1a62863fd57fc09873d1b0837469e4d0be962da432895b415c8c73b
orcus,78777a42f9d59926fe2805c03465852e88cdf70ec7dcc99466bcdecb1033f78e
orcus,7a9c62afa8c71277752a3ec4e8a6e9dca38c8e6a8392601c44eed65a432bc4b6
orcus,7fc91eb144b4d819291c58d52b1977e66a4dd3a63ed1ea41ef26723b04df4750
orcus,880a923211231ad3f375aa58e01a6f41ee9b863fabfe4daf30de88183e20a75e
orcus,8a2e6027b8c58c35a074bd9cd9619f515248bd8ba5392bd7859a4ba9b1abe369
orcus,8c111551a53ca7d59bc5293653d0197fb9fd99b452a13518464cde1aca979507
orcus,90a9a0be49520c872d0a75f22809f341691624d68ce6ff89ec660a62d0106b3a
veno,002286b84fc950d766d0d7826eae96358036b49678a75a719d6773d906167f12
veno,00bda26469f4300c71dd91d051c70b90a487025555ea3519617ead6d2c375f41
veno,00f5c8705613f3d43a6aae49388763c7de1cf12f34a71dddfd40da23ac37cbc6
veno,00f84751eca1f4c6078c95238090444061b85c803fcd99e5c40b00d8fde9e1d3
veno,012629b6784114a0ebb9f2fc460c054d8b34a0f75930f25afa5532d8cc33b294
veno,013e859b918a8889ca565fd835376c41586832a167fdc5f02d1ae7aac8276eea
veno,01924e5aed6551ec48074f82e6abbaa7845bf47bafa286e9ef6fdf03766eab8d
veno,01d1240d2ea225e65f33cf8b3a7f292e63f8f51ffe82b65d62adaf36022ef59e
veno,02151539f5f9f89a9021ea2914bb520772ae1c8deb938b0646c4a319367e4744
veno,0232308623dbf6a70c7065c0d04ece45558e455a6cab3afbfb13090d0a479ebc
veno,0235a3e7e8cbab4449b4a8b8fcfe9af592aed05a670d47a0e10edc85d57504cf
veno,02571e6e2a1bb54f4d5fb177d45655417503d67ad711482983c0c8ff6d18f5fe
veno,026364e7a7ec73309d8ec154b57b3851a5bf00bd029e354625997b361fd0a790
veno,02e218f14ca02878ed75183e42d79948a6d8c99495a09d9b1897f6bb70b84087
veno,02e28a176dd2ad9507e8d76b739af6fa2f1f7c373e70adbd70a44e8b137e58f8
veno,02eba3778387fd2234f8d8fdec73120c1b092814a66a38578a0e90eaef1f1220
veno,02f04db8341b9dc3bd153a458071bbe4af5c932078476d510b3097bcc3f0b0f8
veno,02f9501cb01b375e752a9cc4aa5ee084a504944bdc853e1bdfc860dd76e0d198
veno,030161b6a409ac37e9538ef4b93bf835b72db324d19ed7eb7c151f261d876035
veno,030cbd1a51f8583ccfc3fa38a28a5550dc1c84c05d6c0f5eb887d13dedf1da01
veno,03843d7dbf34fc430d6d61bcf01d66ee4f2bf68ce2185fe5722c5ca411fb90b3
veno,03fff924c2fe0ad92025c702a46a974aec33b16e0cafb9d5f48a84ae2c0006c1
veno,040bb78e5bd34786020bdb4c759f2c6cfb3ffb2d06fb258999d05abb77e995dd
veno,041375ab6b44a0e162d578cd6fe742f5771c0b8f5224e513d319455a697473f9
veno,043ace2cfc2d1495f959717d51030bb48c1c269941c05d7a35a34fde82a0a694
veno,047f6b812932c004f6605202819d5730d88d3ab055160fefe3400599157df241
veno,04c9d0d553cf28c52f43b942369d2d6d02fabee021733eccd9f9adc40a98f8b0
veno,04ce22e1a8b8ae726e891c54a9a9e9c17bc3fae32d7c4a1768238adab7c6f717
veno,04d5b44bff56f44b80e0a04f2cf15daf6f975321cdaf5f407e1331a629c8b141
veno,050ee6c08f2498edc7cc46b23217d0cd5d054066f58dea1f07df43cb4f330a38
veno,05176162c0ee6686c3e904ff2ecd6c1cf60be6748b37f0039da44f40d83fdf35
veno,05254971fe3e1ca448844f8cfcfb2b0de27e48abd45ea2a3df897074a419a3f4
veno,05c445dfd87d78c117d727b355a60e754fb94c5c36e12037c61324c07a17418a
veno,05dc66031e4276bc20010743d8cd0ee36e4064cf087b6b4617fefb86a4702873
veno,05e045490c80c4464f3c6fb6c0c48bf040a0c482d6792e9e11471f1566e96ec6
veno,066581a7edd22f0124f5d07627cff3c41f7ce52b0839562e08b115368a3f4f99
veno,066abb90002d7563fe69ff8f38eb76d470e145ba6a9647ed7523cbbc7532b2fe
veno,06b0bfbd69a2e2ee50d7066fe0a5261c85c32494557b6df1383038583902a1db
veno,078772db75646b97d95b6bed772459625bab22239f1e6c67711ff89232d678cd
veno,0866a23fa5463cfec96a981d423515d9589155325278953808f28e00dd33e44d
veno,086c526a5dcf91cc71ab2efd4e6c862f73e0c37d79d555324865f1c4af137425
veno,088b42edbf55247a6c5c80d1744bf94f4aa1753a3ae1bcddb5d5328d6850ffad
veno,08d69145a78f99ab04154aa5e80e9bd28835dade0b95017d5033a0fa6391b1e1
veno,091c854e303f41669e7ec9e675f1ca3c908f5439635a56dbdc00e0988253cfe0
veno,0994c5fea4372e0b05f6dc4d16a4339c35c77b32ed695662fb848768414c339e
veno,09bd85c522a23396e1ab57680eb515ff29f4dd72baa5ba49637020ae2336b6b1
veno,09c2c4f3fa2bfcceccbc7508ff249ee03a3ee37fe6dfa8aea83306962cfcdb27
veno,09da9e80e4554be5c2734ced0e70a6a08eb9ddacb8c1d9155c44ad8f0cbad8d2
veno,0a2bd8220cc0bcbedad3834257e340deae9ef420869798beeda55a8d7cc6ba92
veno,0a5fe9eb048464d855bda5e72f24a2e9465e448f43e1d6bd5226a3b98c2652c6
veno,0ac463de10eaf57cfcf2d41bdfbc827844dd7b8d908905fca9bc105c200c9362
veno,0ac48a84069acd0d4633199d2629450bb7794c8c47d29d1af94bf24f03128772
veno,0b90db3a69aa8cfab36a66cd5390f46c32e3d88d8fcaefce8cd9e00700e10b65
veno,0b97c87126578113050d8e014e8fefeb33146eebc40e75c070882ec31ae26aab
veno,0baf2d6f78e5cf061725f53c4e2d981f7df06c72c4055f959df78f0b597a27d8
veno,0bc2de79c73998a66dfe5709e093ac155dca03e286176b40783b58fb774c776c
veno,0bcc92ee840f4fb2d15092b4e25f902e24828955b9ed170e642504f10388a4dc
veno,0bef730f309a58c423a4af0eff566ce4d2440e61fb1f0209af64bde2f3b02bdc
veno,0c0eca36cfd98578faca0125ea9a0caf5b96944fb57130358c8140a031fa9962
veno,0c65f91ce8cce23f30f8d038aa0f8e89328840d817d0f1028fa0ed7fa9675a2c
veno,0c790b1dccfcaf1ac883460f6f35e65c22a59a7864be3d0102cd03ba348486b3
veno,0c8633587f6f8da19a01ae12da55c055090fd501eb9e4eb5990c74524687b359
veno,0caaae97b55c806558993c5f437d321f7c1701bb19e36cdfe799a0a029e546ba
veno,0cb95747806ba3d7425cebc97a849548c7215c0be6ac1fdd5dd4fdb80e2b1c4b
veno,0cedf55e022b16c4faea40bf550ebacdd32f2b5d04193e30ad6cf6de306ac21c
veno,0d1fe4ab3b074b5ef47aca88c5d1b8262a1293d51111d59c4e563980a873c5a6
veno,0dbfebeedcd038d186c57090d88457d55418adb771605b73524b46ea82c2b460
veno,0e0045d2c4bfff4345d460957a543e2e7f1638de745644f6bf58555c1d287286
veno,0e3842bd092db5c0c70c62e8351649d6e3f75e97d39bbfd0c0975b8c462a65ca
veno,0ee5a77f2e94e50b6ca02380c73ef8f2a4d21fa7375bd88194e5b66a494e6ff9
veno,0f4e9e391696ed8b9172985bb43cca7d7f2c8a4ae0493e4bf1f15b90f7138259
veno,0f5ec3b9535d4f956330351c5310626ffaa17f146ff51a8b3b10ea0a7039eadc
veno,0ff4c93fda665450f0852b9c7ca254023a02ea4c2fcd9532799be9e509d752ab
veno,102cf0a4c79b9d7ff00feab8f59cb5b2dcb390c60b20ee4c1a0ceab60fb50117
veno,10bca4fbbd39a86211d8b18622de1760992e81d4a45c1b45c8062faf30bbb7f8
veno,11016f63ca3c35ae4bcba8705854a787420af27d3d6953b1c563cf694f1811c5
veno,110cbe9bd333d6f9d617dfb752ff0e1321d7f7324f4429ac2566595ae241cfad
veno,110d5cac0895438ab12988b4240fc086dc3e18f91a9b6c7848207cda4527d17a
veno,112563872cc34f857d9a2b6cb725e97d84561c5fe6e92d9b0e80b028262ecb14
veno,126a07b3084858c098d1e0abcaad5504180c07fd4af0341f349c531e10502de2
veno,127885b213c19c988d382687f9fedf7859870a521134051e58a00cd8b233aaf1
veno,129380c4955be84330ead54c8939dfb55c91d9f08a9964a73434692fb6bf9d74
veno,12b27d4ecb18463690bcedec6f3a2d5585d435092c255f9fcb768ddfcd42c2ce
veno,1311759943aabfe55ef2d42677432f14ed8fb549619473e5fb56f8a92d2daf72
veno,1385e716e3097e4c568ec747b6b6eace35f5f3869ff80e3eaeb89b380f8fa5f8
veno,13dcbab502b7a291c4e56396ea369729c57268c099c59fc76a1eb6eb9ed3f0b4
veno,141ccde76ac0cc12fcec28ad8abfca74acff9e4f7f32349c1f080e53a4547433
veno,14ba3e8a908dc062ecefdee7c84a365268506c47ea7b00d586a98f7286357c4c
veno,14eecd937dfbd0345404716b600304fc0918b60209c1b351bd977a6363c9b992
veno,14f04ff36d4c571d2cc7e2fc0b31f9666d687c61d05d8646cf5e56b4240f5592
veno,14f530e16e8c6dbac02f1bde53594f01b7edab9c45c4c371a3093120276ffaf1
veno,151624c07e9f24abd941882c9310bac2a0f9db2876ece68a49b73d6be4dc41b2
veno,152c867667517a0ec0b3231beece8ff46ff954bfc2493ca3bdfdfc6ea6b1bde9
veno,1552a55c4905879cfb9efec2d00ce596ecceb67a545711079d4fe0918feef3d2
veno,15d464e4f6ed901c0e58261d0d4d4cdaec00cb9111b6a7d51a1b7108dca941e7
veno,168f8c29c14880a5f1b13b24c11f4707c40bbd24593b90908b44192f73b6c2d6
veno,1749c96cc1a4beb9ad4d6e037e40902fac31042fa40152f1d3794f49ed1a2b5c
veno,176b95d9ec4d421a6804bef0523c11fcfccc59144308ed6d09120c60bd4717e2
veno,17c71da48ab0a71bfb92e18f99ef16b35b76314d2dde269f3a7eeb6bed7e276d
veno,17e00faa693d4da019b618495b9de211b7ea0039651d81151d0c05175215a229
veno,181518b3a4caad0c2c7ef06fb96aa42f6ecd561ecdc76b5b33275272c61ea20a
veno,18c173433daafcc3aea17fc4f7792d0ff235f4075a00feda88aa1c9f8f6e1746
veno,193844bd22c37e2725927fa0bcddc199932f1dc3536b97da250b77ef68c66d63
veno,1950d2e706fbc6263d376c0c4f16bd5acfd543248ee072657ba3dd62da8427eb
veno,1953ddd95dfe56fd684df49c699bbb337749ab34456110e99d1757020c9ceb82
veno,195b415a7f3d60c4cb04543acf2e374d6b63844514f150c2ee7b7c31bba4d1f6
veno,1a186cbf59c98e44f6b798ad50fe2b7e6df2736f039016dcda2d3a8a26cda19b
veno,1a6beed80ce6d2dee4445a5e0eb5a3f13675f461f9d975b6c6ef6cba5e916949
veno,1adf0cee8a5c51630a3a23d3e276879607ea252db7a2caa16d49b0908b8a859f
veno,1b86ccda340fef86eee3303c0d5375badbc2c3e461b2e4df17a7796088ee8bec
veno,1bf8b530b9a112500c768bd6acc4648d4dbfcf20062feef6199352ce64058c8c
veno,1c7cbc919f9efd936992242b7ac6178a425a8bed6bdf880b2a641244f6521746
veno,1cc5a57c19dc68342d1676fe759ab509df3eeff797cdbbf43e3c16c305ab162c
veno,1cca519671c9d44238fe209272cf60f4df95e009f6b580394440226e9465c4e9
veno,1ce408cc75c1b8df43974096f60126a18e97ca802e22fe8c3e7364b877c57bcf
veno,1d93015012993265d64c9f5494ca40ff75a8c850ea57357f0a8668d56bf6b160
veno,1df829a40b24a84706be77f6faf0cdc6afbc95cf6af9a96188e11d804efa43b1
veno,1e76b6284880df1abeab08a17dd52dcb1ed0f1f4d503ed82a2e66e8bd808b281
veno,1ec3304382278349debccba0ca2fa3b807fe2a9aa830982d52779a0b0999dc20
veno,1ee4c2239fd5d0158313a1b04fd78cfa25776af491115430bd16368bfcd96197
veno,1f9b7a0e77ebe74df6d99c45f3b7f85dede54f7ac38ffe27d22e894d4fb3eef4
veno,1fca5f41211c800830c5f5c3e355d31a05e4c702401a61f11e25387e25eeb7fa
veno,203c9906407c2a9b6dadd9e3c0d5b212d33488bd4a476929401f2c1cc7dbf41d
veno,20adbc5b60842cd541f4a42b5f82e7d89e20d762cefa5b5d6d9260694903a242
veno,20fe600cba0ff61c16f5e3e06438e3c4db006f22bc9b3b9b51ef440462444252
veno,222330fad2365cb5304312f1457c13e0072aedc68af718d066d38ee77c135052
veno,2233dd70fe18f92d398e0f9265714255af1f3431ed512fd5ea174c7630df1fe4
veno,22b9f9bbddec318700f46ba778bb61f2bb07bd3560af98501b030ff7160db062
veno,231fedd2a4165ea94309c544cb6353519b73f9465131ef6724902511a7610609
veno,235ba06ac46e358817f65781643fe58ccaf1ca5cd5acd3c29c179063a10c888d
veno,236aef920e9a98e896057411b891089f6c53c8116a0901f7d276d7024a5e8eba
veno,237986489d61310b78fb0d1356da6a689de7916d2807a7a2caaa22c054be956a
veno,23b45f45be1cab6984df4a772e651aa4c4a08faa011eeef7f4e1345cbaebbd09
veno,2428eb891efce7d0df5e382830fd4d0492d54f2bf4d15a68127e686049bb819e
veno,2429fb4e5fe0a9b5173b39bac370e036a6f4962a7c4ca5443a6be50ab9c56768
veno,2450d005c20adfddc03a99de25577d7dbb3cbfe8038336da7cb70b84fb9e753f
veno,249b0c43c35497dcd22ce65ab63e6a4d7ae5ecc3751dfd7f5607daed28efc4a7
veno,24fe571f3066045497b1d8316040734c81c71dcb1747f1d7026cda810085fad7
veno,251cf462dbc3de0a7cb872f7aceb5eab8cd2b917b48c82a4ba3e8af4aed6f2a6
veno,25289f25b05589746227d21bc1c34ecb178c5dd2e2b5d62eecae42b75bd085c5
veno,253c92fee41941aaef4dfe269240ff7025cf902cae3d8b3318eeb6c7f31742aa
veno,25652559e7544d78263e0585864103d2bf728c3273eac333d033589639c67af9
veno,258096b2935ec3d17f76a6e967bfc3c497daccffc0cf1ae320d3cdf15ddf3cb7
veno,259f11a926eeb0ca2a3f9eb66f407eeb05214959ba82c40071b5dee3e52fa400
veno,25bce963e0bd5837e72d6a0b5bedd1340a72bbc72f54a69c9655d7a140f21223
veno,265902545afa3db72a4397499e4d76f3810f9baf4ee03565e75d046a41683e93
veno,2666ab895b4749a78b0df01295c6194204435d937aabd9fb57d2c32d71f14a5c
veno,26a1a42bc74e14887616f9d6048c17b1b4231466716a6426e7162426e1a08030
veno,278d0b86d62b6ac8c5b7549b3835aac4b591fa6fcc255aa691a508223adf0cf9
veno,27b8c3622475b708c6a97f1d6eb41ccf7fb7e1c9cb53117e26593cb085e4c167
veno,27c42ec84c4f69e6ac63580e8dae70d87190e60974c71b04b6471a78d7956d0a
veno,27ece1f156b9c804414e9e6bceec44a7b110b239252b6418a110786c7dbadba0
veno,27f6ef62c56904bf0817ef05d0101e6cdaff79f6ca4abeee616c947c869a6950
veno,28d46ad0ed63a380b7c9f85fd1d9f62ddc14ab5b8edd5315ee4eccf08c7b8d78
veno,28d85af9822ebd2e637f980269c830b31ae9e9615a6d98f0973d79a48fae5c43
veno,28e2bfca1b27f0169816b524f97902aa0e9344c54eac51bacbe99ec1b1854f3b
veno,2933f5662100708c3459906ff8430e9023750cae65d0f79beeb35946a0f06c11
veno,2a61b4d0a7c5d7dc13f4f1dd5e0e3117036a86638dbafaec6ae96da507fb7624
veno,2b30fc3afac6220d1e4b0f87ec23681ef27b617d5724421803a3e8d4e7135f60
veno,2b969111dd1968d47b02d6390c92fb622cd03570b02ecf9215031ff03611a2b7
veno,2bc291368b3819de13a3aa8365f22de94acebf2f93133c38bfdade770c9d8f1e
veno,2d63e1ef240a93b043962509cdc42be5981bdbfe12899cbc1b46995d5ec9a11e
veno,2d8151dabf891cf743e67c6f9765ee79884d024b10d265119873b0967a09b20f
veno,2dc0f9e08bde378e8fe4e408b1b5f4bbbeacb251901009f25189a5a41a53ab47
veno,2e10969451afb64f942be846900bd2d4d1158c3ba6afca1c07b7f89f682aa33f
veno,2e3145be669421d5bf5b8ebe69f8042415e3ff9daf37ae845b7f1c3ccad9c1c3
veno,2e3420733487b4babcdd8ae3d7567d050da57fbdde8df3763c53f7df3c1661ed
veno,2e6dba522e5ca03c5ca5bc60ecec212177482898c7ec81a0871b19a67cf124e8
veno,2e8ce1b1433ac62f5e665b272abd5e5288bfdf06278528b2f481668e3d85a3ac
veno,2f4d6a3c87770c7d42d1a1b71ed021a083b08f69ccaf63c15428c7bc6f69cb10
veno,2f5aa8a71df89858b6681cddbe72d30dded5c808e6018ff723c4660ab53b1a93
veno,2fc6bc0683f9e9f20aae1fb257a1a05be63ddbbc600876bff6cd622879518d6e
veno,2fde6ec829874d2816250bb2f2959fb07ee5bbc789fe785b3ce30c7fb50e6684
veno,300ba0ff8d25c711e61a87cb5ccbc9f4f9e6ebc77e89e34b422a89ddc45ae022
veno,303de69b0bc23556fc5dd63a184e5f59556b72fa1f6e3967584f4f18e2a604ec
veno,30fc7f6e8623ee65e56fd4514169a2b01d1e35af06dda347ff4efe94c3d2329f
veno,3121985b7f9c6be0309595919a18c6b18b3aa7aa40e570ac15cfc42c93778a50
veno,315d80bca1d110a33fd64a42dda94ac17dab5c9f8ca9593d951d84663966691e
veno,33460a8f849550267910b7893f0867afe55a5a24452d538f796d9674e629acc4
veno,33f83a0ef086b9312d3ab05344be9ce8717aa77eb1d54e6582f18bada3952176
veno,35ed1d87b31d238b3bdcffb13b5902cceba3c25aebfd9f54789d79d33bc6ce7a
veno,3608590286c34e0fb8f7f17f78a1ebf837ddbc028617001f2970f18bf5b15150
veno,362530a32e31680f390edd9ea7b86330734371ae8878105f20b04ec6aca27f3b
veno,36d18526b2810a14f199655aed4b607e7e77edaef319380698203567cd9e2939
veno,36fc367aed56c0bf9153b58ddfdb56d0866ac57e687d77e9921d6868991e7230
veno,380b0353ba8cd33da8c5e5b95e3e032e83193019e73c71875b58ec1ed389bdac
veno,3814daba83e2e070ae81c28787f4350afe43bfaf3933220e3a8a26e2ce910f68
veno,387dd0809006a5c8bbf6e6143932e26c57b9ff8ca9fb1ab5fb1ab37a394e920a
veno,38b10be0618576f4a2285362b7576975f997980f1120e9d6470654f48503c179
veno,39050386f17b2d34bdbd118eec62ed6b2f386e21500a740362454ed73ea362e8
veno,3907ff266d9045fece9ac663c3560cfb34722e48db90af04575e2b7c1b28b5fa
veno,397314f2292c411ba8120b888b41aa42ac5fc53c62aded4ef87edf386b290347
veno,39a8cf3f2916daea03f8b8600e202725101b338a67fc4a7d1b9c48ff5239293f
veno,3a5918c69b6ee801ab8bfc4fc872ac32cc96a47b53c3525723cc27f150e0bfa3
veno,3a6c1aa367476ea1a6809814cf534e094035f88ac5fb759398b783f3929a0db2
veno,3a6f72f2ac73fc73be75dc9060220718fa93a830d35b1cc05d73a2af6123a3e1
veno,3a825c1c507e2b61623f495a3fdb11812fea677465b041a8c0eff2649566e0af
veno,3ae5b7a57d2c63341bfbe6bd4a2b316fd7438f13cec94b8d5ccab0a03bb6e098
veno,3ae6d85d6e01327ec74550a5b4976d32e69faae3490d2595eec5ac01ea6f3832
veno,3afbe9253f43f7524a3a7c2854af7ec36c6ba2af5da791ab0cb0919f09d1231f
veno,3b396c0f8063d52cf4791f1214ff55da29b1bddd26bb8503b104a76e7ef89361
veno,3b8bd0a0c6069f2d27d759340721b78fd289f92e0a13965262fea4e8907af122
veno,3b903a93f1fd2bd81b7b73daefd2d298a2fbb0137b786449e07176abd5cdde74
veno,3c7ba35c6d758dbae9c6d629d419a6b690e4b97d9493833ac8e6668e8bac6ff2
veno,3e138e4e34c6eed3506efc7c805fce19af13bd62aeb35544f81f111e83b5d0d4
veno,3e3a6c6658c7352b6415b1a0b5d7e22716f39a686c52e048200cc07f185be2f0
veno,3fc9182646a35b2fd94d5a9c9c764a2372d0131f3f62f616dbff6d5e36a5633a
veno,40015df8a0353709f3f09eb15ecbfa6c89e762a288d5c6ada6fb590fbe85e4af
veno,4013d3c221c6924e8c525aac7ed0402bd5349a28dcbc20bc1ff6bd09079faacf
veno,4054aef68780170c06c653afef64fe515b1a1417678dc7e31dbed7653075fe68
veno,413683cb183f0d24aa6591da26431d957c703d958351ebbc522efd781b3b7b9a
veno,428564c01344e5911aed098ec6ac2bcfb78be58a4bc695eacd0334bae0dd019e
veno,42fb9fcbea30afbb43a95e7e2041440852fd18cf1ea9e3a5db0b277ecd755444
veno,430fbf2130dfb3e4d8bc90c439e0af52c525492a7b258003b54d0f3fed848986
veno,4386af01ccd6427ccccd3285c93f855232e63185102baae180eb8512b4987bc7
veno,43871bb12c446a589eedcd8faae94d60734f595f04e52fc754b89d407249af21
veno,43b8ce99af9c59376d3b077a87ce7afe720022987f3cf62f51504d22330a516b
veno,43e71b993d6e7c977caaf2ed7610a71758734d87ec2ceb20a84e573ea05a01b3
veno,43eb5196379c3394f60014335871457b19a6784dd1de5fd490042a3801a9fa89
veno,441e894b0d792311bc8dfdae077db9792bdf020cd4ada7e0a232fed242c46acf
veno,443cd03b37fca8a5df1bbaa6320649b441ca50d1c1fcc4f5a7b94b95040c73d1
veno,4464d33f53cfdb0a33d80ed21126b46d285af37a3f62d5f942186f87310600a7
veno,449053fc9df43f83e408c6ea5a51aee84de76e038ac10fcafdbd28bd2bea0ef1
veno,4494bbbc0105a5f87072d2d454820ea7dd12b1ac61bafb533affbcfad7d602dd
veno,44b1b47785224bc16f60dd678b6f857db535e8d9df4d5d3e22cbe649217df2eb
veno,44c23c730eec8740b1345dcd42700fdbc7d9b286347b0e4ee9a10641505f64d9
veno,44cc7f6c2b664f15b499c7d07c78c110861d2cc82787ddaad28a5af8efc3daac
veno,454e6c3d8c1c982cd301b4dd82ec3431935c28adea78ed8160d731ab0bed6cb7
veno,4570b891fc955f191354f134b17ee22df7025b39dbf9f8150f4f985b5c53cae6
veno,45f2f34350061e70f5ca72cb34d86fff6e308fe2f1ad99ef21c3b6a2bd75a9d6
veno,46468af518fb86fdf44ed538f0640bf0b6d4d575b6d161ca302680f38fee9b0f
veno,46b8812fef413b53bbd062abaed817fbbf3bc3aa5b14908942d256ae9af72654
veno,473aa2c3ace12abe8a54a088a08e00b7bd71bd66cda16673c308b903c796bec0
veno,47dcdbcc7ed1e9c770e22e416371cc11d561e8ca9edbb028c9158ec960b2819a
veno,48dced47372853658202b286920bb4fd0ab16de7c5d5b736eac84eee023d569f
veno,493e5fae191950b901764868b065ddddffa4f4c9b497022ee2f998b4a94f0fc2
veno,494492395ff8622e58cfc7eec2728b9a1b8df5af56b6c72159658fe14c16f44f
veno,498cb87407d2c12c44ada296e50d55b3ff10681d924d7bca6f225be3025c90e0
veno,49c5c798689d4a54e5b7099b647b0596fb96b996a437bb8241b5dd76e974c24e
veno,49d57452f11e15b81336c985a42a2887ea53e747297587580105166561d8401d
veno,49db15bdef4a4c6741a8020d47346fa96342a5158c55d6156a1d997c31da2662
veno,4a941b881e917cd41477e2d4549fc8e217cd883773f2c703186e5525dc4d6c07
veno,4aae61b49f38cebc0c2afbeb3d9592a46c39dccbede83fbd67003d219da63b7f
veno,4c49c9d601ebf16534d24d2dd1cab53fde6e03902758ef6cff86be740b720038
veno,4c8b2e001dbf9e8b285c79514319e0a14dbb839998dd4d643d51fb11767d0cf9
veno,4ceaa8f1026105249374e42d92452aa348ca1c2b486f5b384ab07d1b58104963
veno,4dc26b3b144826569bc2601fb20dcef124abf9fe63944c029a52eda488c16829
veno,4dd539be2cc7b7e500d298df093aeca6fb3becfc3044444f1b9ce4de54912bc2
veno,4e2d038e9d72ee4d660755ba973a31471dda167d1a51bfdfe60abb2b3de78ba1
veno,4eba5182826becfc842315a0ce85f9e03aada8cc73d1e54ed0b55754ab89d9e0
veno,4f9dc11b65f8c0703881982202126041149fb732cc50272d2ec2f5ec8dd67471
veno,50067ebcc2d2069b3613a20b81f9d61f2cd5be9c85533c4ea34edbefaeb8a15f
veno,510e6839e6f6e284850c1c759d525f0c7179915eddb6f34cfa3bb9c68c560092
veno,514b4db0717fb282f8071d55a75b387c053b6d183e2180f5f4e47c34b16d545d
veno,51616b207fde2ff1360a1364ff58270e0d46cf87a4c0c21b374a834dd9676927
veno,51c3a6714cb40de2f806933751ecae31a595f800f538575b1bfedcaddc05a7b4
veno,526146e9cf1455925623a9ed0575e963162028a25a5fc980738645e0e43b29af
veno,527b6a2bf5a250c06378b8f0f2b0ba4a1a121bf460ac70ecb3bf8b41ac1b06b4
veno,528e2567e24809d2d0ba96fd70e41d71c18152f0f0c4f29ced129ed7701fa42a
veno,529d08b500a7687bb973c757fbfbc2c2790fbee52f060ca0575b8caf57ab0bf1
veno,54103a6866e142477005c26a99b2d66f168657a82292eb942853306618a76b35
veno,541d26ac452dbccf207a7c54a025c9e06a8866e190dd38ffc4cae37a553d8df8
veno,547ac6f9278454a3960f1e7529e7096d38a2e86e3e7a6b43d1926fb3ba6bd34d
veno,54e32ff2917322b52b7ad8fdda2c478f116c434c42e557edbad7cf34652ac674
veno,555efee854fd1ffe71bc6130ec51995f89ceb93b9ee0e6e22d9c911d0adf7699
veno,558112831fbb5c76af25cf490ff1f9e87f8eab78f3b2f153701b5f96381e3c21
veno,55a51a217b2f76b1dad78a2ca9243642bd87bfa4ec56872d148476b063136cc0
veno,5722fbe25fde22e4cf623bf839e0dfa18d0ee5e8bd276e208ae2be3c1cf069f6
veno,57596c67a356a0bdf87c870118b8ccabe736438f1ae996e0cd15930364ebf52b
veno,5834e5f2d87f6fd8528538f510399d347caa16fabf7248f0dc0194a05ded3e16
veno,583551c109a50c6e4c59ec768a6da5cdd3eef59a596ce3101610f40d49d94aec
veno,587ffa04c3e7e9556adadb5794b5b92f298075566f42625f17d2684b469b5ceb
veno,58981ed7568a77b13636fc2c38a1f5bd8f7ea0577f76538bdfae043a5bbe911f
veno,599967f7ea58e91b2c5adc564dbfce92d937628a5b7eb245e57d7f607413ddc2
veno,5a0944985c1d7487fabe4c0f152d07192970a6d263637b1c78f3edd2ff6f477e
veno,5a204263cac112318cd162f1c372437abf7f2092902b05e943e8784869629dd8
veno,5a97a9e3172bbf15619c8d5e70a115c3422c0500fdd8e87e557627f188402332
veno,5af100c1781e80ecedc09b43430e58fe38319e944b65c0f622c71f42985957a1
veno,5afb2f99706cb649b0ccf571a3aaaeaa8fcff3d42e24487b0647ee147b2e73c4
veno,5c1959836744cd0c69485767fd29033c0a9fd76f307c22caff489c1b2437d613
veno,5d6f586566332d431780ad01140812bfd924be8cf39cbe5b8c0cd9de550d94b4
veno,5d7f6da853286388945a7238b5f4dfe38ff31209dc8de5debc4ab930843988d0
veno,5dfde9bdacc79bcdbe7508c0f01087fb73c9e5f551a717dead3586477046bc77
veno,5e0dd729c21cd507bdb2a40954917685628f83171280bd34120cfe20c51ce4bf
veno,5f307b3ebc9051646408d744cfba9b7672eff0b3b8884226f4e7a9c025d4226f
veno,5f373b3a2e0118e2c9f76248664db07c20cfc658013944d307f678e88853f972
veno,5f4ee8ada3f27075a6df37e6bf53a8bba518db945315ece61cc9d619d8bdd1b0
veno,60fd95d9b415ecd8d3e799f22b54e5fbd0117d22cf3fce172a65d05167715df8
veno,6134cc3004e052bff2ea524cb9f46f16ed11e23744b00f64541456a8df2f8c8d
veno,62209d2f0ceeff20534292d5a58ed532c960579b75927321f4f7c7e7079dd06a
veno,623712e67eef156071b3c39d43a1574f0ef1775d48c2731cbbc513a035407d3c
veno,627c1af39add6de56a2112e75a8aa1ee2ae6d4141ab23bd76e938e990353ace2
veno,628d316a983383ed716e3f827720915683a8876b54677878a7d2db376d117a24
veno,6292e1f0303fb5df18ebbd11073bc4ff62365fa63eeff2ed3fa386acb2e14d95
veno,63658c331ac38322935d6dcde8bd892aa99084a0cea91bbef3b7789b02bf8d0e
veno,63b08d4c30088e235b2d04df2b0c8150d5fda879706c89bfcdb256fa6b9e7e29
veno,6428ea8859b259661a42af4c6b57db519d794bd23cb6458a6ec5124a416fb224
veno,652379bcca2c0510bf5dced1d1cbe2fa814b2e249de92a653b9cad7984f22f05
veno,6554aeed6640fe487d5ad85cb21e8e1e43fb814f65a296e24dbf704b72b52d1d
veno,659ef5ce5bdae5410e62985695f2dabbfa42bead98969310ebee2a375a27e77a
veno,6601c5b41f02b8833206f09c92ecefe48ed49438cc455bf9c46d5d236278b7a2
veno,677ac724fcedadcbf514a81c211245d33f7e1f5413c93c2527b3dbc0f07e7c43
veno,67bc775cc1a58930201ef247ace86cc5c8569057d4911a8e910ac2263c8eb880
veno,67cb37fbc943ebaaf8aa0b64aa0de708942267d9d8759542cdcc888a2927c90d
veno,67d9556c695ef6c51abf6fbab17acb3466e3149cf4d20cb64d6d34dc969b6502
veno,6812d9e391341184998309f1c766622c4d267f9cf3c60545fcee27e21c8d5be0
veno,6868cdac0f06232608178b101ca3a8afda7f31538a165a045b439edf9dadf048
veno,6a901dd612caed47e5c6dde85ddaa1d064e5be86be4012b692039605dedf7af3
veno,6b321a07426852a40f3c94e78bddda82077c3fb0aadc781b1aba9480a2956d67
veno,6b5bf75de95a8c278160f0a85a762292c1e6d132f5d11728f0390347fd1540d8
veno,6b9419b2e6ea7dbe2054b4b2568bd5c61c08706f33788c55649fd4991a28c476
veno,6c68aa9cf2a86cb69149b8fbd07a65506d85f775f3ba21e84b01b57363de5b58
veno,6d30e2e72d5f2de373decfc0488122372522376b37f848991a5387f0d407f4e5
veno,6da54d06db8b9ec2d06e0caa136203a1ae5927025d513f3b788b0ea00b83583d
veno,70ca80a63aea2c7b94c24ccbba1e93e04c70df55190558f6ef14e0efc44c86ac
veno,71160ab5f9e6cb5f36c2cbbed7e4a5cd579ce3ada117e4345ad8a31fd369d485
veno,71b3b876702f2405832444b761c6b3bdb854a77aea0bf650d1fee346479fa6ff
veno,722fa0c893b39fef787b7bc277c979d29adc1525d77dd952f0cc61cd4d0597cc
veno,729cc2951397ed4112136a305a2d15bfd111ba8d7f325eeb3a56ac6404b4905e
veno,72e4d749ce8169cd3f729f4768dfa1469e29536c13d5c68181395966f6d098ad
veno,7481e87023604e7534d02339540ddd9565273dd51c13d7677b9b4c9623f0440b
veno,74f5574bd2ed3bd4e08c9424b9425605d061a06759eca3e030a4cc456142518b
veno,784e7b6e8341d313b2300cf1552ebba50c25558722ee8d0fe5c78ba4cd0fc6b2
veno,7923ead3971a6e8dd4df5c87f22fd3edcb78c48714fa19d01e900eeb10ae13fd
veno,794759e7a5b99c35e8228b12b5bc5cf85bfab2255f8001dc950e980efc612bd2
veno,798a0380d3e4755f41de009879ba87713ec1ea9d4d52b7e9dd6120411310cf57
veno,79cdaebb65c04758a5fce3bbd19973af21de4cc0c4cf659ece8cc153f441fc19
veno,7a29707ab1ed3416d56242b0705f4b63e7e9a68040e17ad1f00d12b8b1699c6f
veno,7a68a6357868f19f698dacd12dea49655f9651fb01e2de4042e8bbc97095c121
veno,7b0efef21c990d980616dec6c3c1dec915e18ce6f7c08668b576d9d344f76733
veno,7b4f11ef417cff9f413f25dc3a014dc3503ebbeb1d823cf8a267410d795ca971
veno,7bb65fe9421af04c5546b04a93aa0e517356c0a85856f1265587983ce2bf8aef
veno,7c6a9addaef0c20740d56b17bb232c43fbd859da4c92cbd6c2f18fa903c7ad78
veno,7d1faa34fee0556fb77ec3463f772cc2e2eb82800e6607202d19b356b2f6a450
veno,7dfc9d6f073fd02e2b15753b8381a62cb24ea5bc54484e778ade52e5e6c7f3b4
veno,7ee7a3bdf625e183db59ad48d65c8d2f0ac4be303849c061d1f5eab6fe57834b
veno,7fa4482bfbca550ce296d8e791b1091d60d733ea8042167fd0eb853530584452
veno,7fbe1f25b25da7d1dd187bcaeb1d1b13a48ffef136bba9af3d3c6cd2e6bf3e90
veno,7ffba5816fa539d0cbf1948b15bc194c2c1969c390e6e3554c208dc724ae1913
veno,800b1bbf7aca9367b9ccbdf07ad8fe2abb8ae949cf0496b444f2188fb7375041
veno,8011798059cacdebdd2696f139473c3e966cfd1261e03f48946ab95e02999987
veno,805eabf4cd88ebaf01c685b646587f2f01044dcceb5a8e4e20e4830af35a12d6
veno,80aad57e5a6e383bf87683a3baa4157bc536881f0b8466a4f832f61e6f576e6f
veno,810dc9a9359d61d493f291f00c1a30dfcb13d5efb2527627b94b8acb05947176
veno,819486af908d0a08f30d67b43148cb422d2e046caa52e025e330b2332273e812
veno,82c90a0d34c9c9022189e838209a040023f98ea15f78cb8b7c0f6380b116b4b6
veno,831ea1e478093409733708256086529f8971e7ed8849d4d146d8fe28602f1d2a
veno,83b52e91e137fdd31af1098fcb85e36ad84efdb9e63be42088f6bb981d479c2f
veno,83d8922e7a8212f1a2a9015973e668d7999b90e7000c31f57be83803747df015
veno,841611becafc9426f508b191e8b2805e49165f49bcd9bb77d9f53d3ac62f470d
veno,8524ea643cecc9e8beb86d78f866b8f6f2ed875178e29d70ccb85d7424df2a49
veno,85eb95354245be8967c205c0215d4486adcfbdd8fc5b6fb47c927af2e9cefdbc
veno,863f298f367a82853a58f9dad4c477956f48fdd9328a93e1aeee1df22da80493
veno,868b5befcbe82696a5d50bbe3dd15eaaae73876d907193a7b0ad3723abd5ff2e
veno,86934ca44a1b0283bfe6365e4076df06468d6ea9c5acd06bf2701ce67fe016e0
veno,86d09d8b4fb86c62da6f543771f37ff2a5c35cbad4c3f7be18f72725348e4673
veno,876005d20ac3c78192eff61cbf1e37891f18766880e0115a29b78060fd766529
veno,87d4edd9d833a41b776bbbbb2ecde0513ae0aa3d228caf3c85d2298c9977e89f
veno,87f7036b04f4ffc9d070ad6d7c53e76714f0c7219964bde8350ad96399313b5d
veno,88acfde525cba666808caccd4fec7efd76137fda21b857e0d172163498a53b2e
